ages,population
0-19,2.647134953
20-39,2.3793554795
40-59,1.8746636285
60-79,0.9837274445
80+,0.16042994200000002
