ages,population,parent
root,,
0-19,2.647134953,root
20-39,2.3793554795,root
40-59,1.8746636285,root
60-79,0.9837274445,root
80+,0.16042994200000002,root
